# NiceMCU-32S-DEV 2.8IPS: a plain ESP32 with 4 MB of flash, a quarter of what
# the S3 boards carry. The app is about 1 MB, so 1.5 MB leaves room to grow
# without starving the log.
#
# envlog is the same ring main/envstore.c writes on any board: 4 KB sectors,
# 340 twelve-byte records each. 1.5 MB is 384 sectors, 130,560 readings --
# ninety days at one a minute, which is more than the thirty wave kept,
# because here there is nothing else to spend the flash on.
#
# Name,     Type, SubType,  Offset,   Size,  Flags
nvs,        data, nvs,      0x9000,   24K,
phy_init,   data, phy,      0xf000,   4K,
factory,    app,  factory,  0x10000,  1536K,
envlog,     data, 0x40,     0x190000, 1536K,
