# The boards this repository knows, and the MAC that identifies each. Read by
# tools/board-guard.sh so that one board's firmware cannot be written to
# another: lilly and wave are both ESP32-S3 with native USB and both appear as
# /dev/cu.usbmodem*, so the port alone says nothing about which is which.
#
# Add a board by running any flash script against it once; it prints the MAC it
# saw and how to record it.
#
# name	MAC	what it is
lilly	a0:f2:62:e2:1d:28	LilyGO T-Display-S3, 320x170 i80
wave	28:84:85:55:6e:68	Waveshare ESP32-S3-LCD-1.47B, 320x172 ST7789 SPI + QMI8658
small	68:ee:8f:da:62:28	Adafruit Feather ESP32-S3 TFT (given away 2026-09-11)
envo	28:84:85:88:1c:3c	Waveshare ESP32-S3-LCD-1.47 JD9853, 172x320 SPI + env sensor array
envio	a4:cb:8f:d7:70:3c	Waveshare ESP32-S3-Touch-LCD-3.5B, 320x480 AXS15231B QSPI + touch
watch	80:45:6b:35:11:d4	Waveshare ESP32-S3-LCD-1.69 (no touch), 240x280 ST7789V2 SPI + QMI8658 + PCF85063
speaker	28:84:85:56:f6:b0	Waveshare ESP32-S3-AUDIO-Board: ES8311 + ES7210 2 mics, 7 WS2812, PCF85063, TCA9555, SD, LCD + OV5640 ports
spy	28:84:85:91:87:c4	Waveshare ESP32-S3-SIM7670G-4G: SIM7670G LTE Cat-1 + GNSS, OV5640, SD, 18650 + MAX17048, CH343 + CH334 hub
blinky1	10:51:db:79:b3:a8	generic ESP32-S3-DevKitC-1 N16R8 clone: ESP32-S3R8 (8 MB PSRAM), 16 MB Boya flash, CP2102 bridge, WS2812 on GPIO48; factory MicroPython 1.19.1 RGB blink demo
tiny1	68:ee:8f:da:6c:78	Adafruit Feather ESP32-S3 TFT clone: ESP32-S3FH4R2 (4 MB flash, 2 MB PSRAM), 1.14in 240x135 TFT, BMP280 0x77 + QMI8658 0x6B on I2C SDA42/SCL41 (GPIO21 powers TFT+I2C), LiPo connector, no gauge; native USB
tiny2	30:ed:a0:29:4f:d0	generic ESP32-S3-DevKitC-1 N16R8 clone (like blinky1): ESP32-S3R8 (8 MB PSRAM), 16 MB Boya flash, CP2102, WS2812 on GPIO48; an I2C camera wired on; factory MicroPython RGB demo
panel1	94:a9:90:cc:8c:a0	Waveshare ESP32-S3-Touch-LCD-4B: 4in 480x480 RGB ST7701 + GT911 touch, QMI8658, AXP2101, ES8311 + ES7210 audio, CH343; factory esp-brookesia phone demo
